Workbook

Sheet Data Kualitas Udara
A1: DATA KUALITAS UDARA SENSING SATELIT (SENTINEL-5P)
A2: Lokasi: Telukdalam / Desa Mendenrejo | Periode: 30 Agustus 2025 - 30 Agustus 2026
A4: DATE_TIME | B4: CO | C4: NO2 | D4: SO2 | E4: CH4
A5: 2025-08-30
A6: 2025-08-31 | D6: 7.3868259e-06
A7: 2025-09-01
A8: 2025-09-02 | D8: -0.0002346663
A9: 2025-09-03
A10: 2025-09-04
A11: 2025-09-05
A12: 2025-09-06 | B12: 0.026540564 | C12: 1.0304032e-05 | D12: 0.00019491291
A13: 2025-09-07
A14: 2025-09-08 | D14: 6.8523207e-07
A15: 2025-09-09 | D15: 1.2973645e-05
A16: 2025-09-10
A17: 2025-09-11
A18: 2025-09-12 | B18: 0.025727846
A19: 2025-09-13
A20: 2025-09-14
A21: 2025-09-15 | B21: 0.025775127 | D21: -7.0239825e-05
A22: 2025-09-16 | C22: 1.2860852e-05 | D22: 0.00019060512
A23: 2025-09-17 | C23: 1.2881493e-05 | D23: 6.4482607e-05
A24: 2025-09-18 | C24: 1.8448739e-06 | D24: -4.8769914e-05
A25: 2025-09-19
A26: 2025-09-20 | D26: 4.2855634e-05
A27: 2025-09-21 | B27: 0.029569078
A28: 2025-09-22 | D28: 7.22322e-05
A29: 2025-09-23 | B29: 0.036876753 | C29: -2.1327718e-07 | D29: -9.2418404e-06
A30: 2025-09-24
A31: 2025-09-25 | D31: -0.00016114056
A32: 2025-09-26 | B32: 0.027287951 | C32: 1.8000708e-06 | D32: -1.5314985e-05
A33: 2025-09-27 | B33: 0.023317775
A34: 2025-09-28
A35: 2025-09-29
A36: 2025-09-30 | B36: 0.031431433 | C36: 5.9585932e-06 | D36: 4.6155408e-05
A37: 2025-10-01 | C37: -2.9038224e-08 | D37: 2.9692177e-05
A38: 2025-10-02 | B38: 0.024853827 | C38: -4.3908144e-06 | D38: -0.00012306761
A39: 2025-10-03
A40: 2025-10-04
A41: 2025-10-05 | C41: 2.6188877e-06 | D41: 0.0001151385
A42: 2025-10-06 | C42: 4.3416017e-06 | D42: -8.667224e-05
A43: 2025-10-07
A44: 2025-10-08 | B44: 0.02723526 | C44: 2.1364853e-05 | D44: -2.9793704e-05
A45: 2025-10-09 | C45: -5.2381756e-06 | D45: 7.1485505e-05
A46: 2025-10-10
A47: 2025-10-11
A48: 2025-10-12
A49: 2025-10-13
A50: 2025-10-14 | B50: 0.033958878 | C50: 9.9894687e-06 | D50: 4.8614362e-05
A51: 2025-10-15 | C51: 1.6233951e-05 | D51: 4.2804595e-06
A52: 2025-10-16
A53: 2025-10-17 | D53: -0.00011372472
A54: 2025-10-18
A55: 2025-10-19
A56: 2025-10-20
A57: 2025-10-21 | C57: 2.1265132e-06 | D57: -2.9466408e-05
A58: 2025-10-22
A59: 2025-10-23
A60: 2025-10-24
A61: 2025-10-25
A62: 2025-10-26 | C62: 6.998187e-06 | D62: -0.00025621126
A63: 2025-10-27 | B63: 0.026156621 | C63: 2.8972868e-06 | D63: 2.6029749e-05
A64: 2025-10-28 | B64: 0.025365213 | C64: 2.479848e-06 | D64: -8.1746322e-05
A65: 2025-10-29 | C65: 5.0858339e-06 | D65: 2.2859136e-05
A66: 2025-10-30 | B66: 0.028092984 | C66: 5.1667375e-06 | D66: -4.2363637e-05
A67: 2025-10-31 | B67: 0.028545689 | D67: -4.1972251e-07
A68: 2025-11-01 | C68: -1.2082935e-06 | D68: 8.9629189e-05
A69: 2025-11-02 | B69: 0.033353332 | C69: 1.7519329e-05 | D69: -3.6415186e-05
A70: 2025-11-03
A71: 2025-11-04
A72: 2025-11-05
A73: 2025-11-06
A74: 2025-11-07 | C74: 5.3569274e-06 | D74: -8.9203641e-05
A75: 2025-11-08 | D75: 7.1382259e-05
A76: 2025-11-09 | D76: -0.00018171217
A77: 2025-11-10
A78: 2025-11-11
A79: 2025-11-12
A80: 2025-11-13 | B80: 0.026450681 | C80: 8.0288906e-08 | D80: -5.3008866e-05
A81: 2025-11-14 | B81: 0.024148218 | D81: 7.6925404e-05
A82: 2025-11-15 | D82: 2.6916212e-05
A83: 2025-11-16 | D83: 1.3268224e-05
A84: 2025-11-17
A85: 2025-11-18
A86: 2025-11-19
A87: 2025-11-20
A88: 2025-11-21
A89: 2025-11-22
A90: 2025-11-23
A91: 2025-11-24
A92: 2025-11-25
A93: 2025-11-26
A94: 2025-11-27
A95: 2025-11-28
... A97: 2025-11-30
A98: 2025-12-01 | B98: 0.027850475
A99: 2025-12-02
A100: 2025-12-03 | B100: 0.027517987 | D100: -0.00011423849
A101: 2025-12-04 | D101: -0.00018639368
A102: 2025-12-05 | B102: 0.031090802 | C102: 6.9213202e-06 | D102: -7.4502881e-05
...

Sheet Ringkasan & Statistik
A1: RINGKASAN & STATISTIK DATA KUALITAS UDARA
A2: Metrik Statistik Data Satelit Sentinel-5P Telukdalam
A4: Ringkasan Parameter Polutan
A5: Parameter | B5: Jumlah Data Valid | C5: Jumlah Missing (NaN) | D5: Mean (Rata-rata) | E5: Min | F5: Max | G5: Median
A6: CO | B6: =COUNT('Data Kualitas Udara'!B5:B370) | C6: =COUNTBLANK('Data Kualitas Udara'!B5:B370) | D6: =AVERAGE('Data Kualitas Udara'!B5:B370) | E6: =MIN('Data Kualitas Udara'!B5:B370) | F6: =MAX('Data Kualitas Udara'!B5:B370) | G6: =MEDIAN('Data Kualitas Udara'!B5:B370)
A7: NO2 | B7: =COUNT('Data Kualitas Udara'!C5:C370) | C7: =COUNTBLANK('Data Kualitas Udara'!C5:C370) | D7: =AVERAGE('Data Kualitas Udara'!C5:C370) | E7: =MIN('Data Kualitas Udara'!C5:C370) | F7: =MAX('Data Kualitas Udara'!C5:C370) | G7: =MEDIAN('Data Kualitas Udara'!C5:C370)
A8: SO2 | B8: =COUNT('Data Kualitas Udara'!D5:D370) | C8: =COUNTBLANK('Data Kualitas Udara'!D5:D370) | D8: =AVERAGE('Data Kualitas Udara'!D5:D370) | E8: =MIN('Data Kualitas Udara'!D5:D370) | F8: =MAX('Data Kualitas Udara'!D5:D370) | G8: =MEDIAN('Data Kualitas Udara'!D5:D370)
A9: CH4 | B9: =COUNT('Data Kualitas Udara'!E5:E370) | C9: =COUNTBLANK('Data Kualitas Udara'!E5:E370) | D9: =AVERAGE('Data Kualitas Udara'!E5:E370) | E9: =MIN('Data Kualitas Udara'!E5:E370) | F9: =MAX('Data Kualitas Udara'!E5:E370) | G9: =MEDIAN('Data Kualitas Udara'!E5:E370)
